id,title,score,num_comments,author,created_utc,url,over_18,edited,spoiler,stickied
1ftama5,Hallmarks of a good vs bad data engineer,84,58,RandomRandomPenguin,2024-10-01 00:02:58,https://www.reddit.com/r/dataengineering/comments/1ftama5/hallmarks_of_a_good_vs_bad_data_engineer/,False,False,False,False
1ftj9ly,Why is Snowflake commonly used as a Data Warehouse instead of MySQL or tidb? What are the unique features?,83,59,Over-Drink8537,2024-10-01 08:34:43,https://www.reddit.com/r/dataengineering/comments/1ftj9ly/why_is_snowflake_commonly_used_as_a_data/,False,False,False,False
1ftqt5e, How did you land an offer in this market? ,33,26,crhumble,2024-10-01 15:25:42,https://www.reddit.com/r/dataengineering/comments/1ftqt5e/how_did_you_land_an_offer_in_this_market/,False,False,False,False
1ftej9j,Expose gold layer data through API,29,21,shanfamous,2024-10-01 03:21:57,https://www.reddit.com/r/dataengineering/comments/1ftej9j/expose_gold_layer_data_through_api/,False,False,False,False
1ftw5is,The Egregious Costs of Cloud (With Kafka),29,13,2minutestreaming,2024-10-01 19:04:05,https://www.reddit.com/r/dataengineering/comments/1ftw5is/the_egregious_costs_of_cloud_with_kafka/,False,False,False,False
1ftmswv,Software engineering best practices,24,11,hypnotize9,2024-10-01 12:25:56,https://www.reddit.com/r/dataengineering/comments/1ftmswv/software_engineering_best_practices/,False,False,False,False
1ftpz8h,Whats everyone solution for Reverse ETL? Airbyte? Spark? Apache beam?,14,20,WoodenJellyfish0,2024-10-01 14:50:51,https://www.reddit.com/r/dataengineering/comments/1ftpz8h/whats_everyone_solution_for_reverse_etl_airbyte/,False,False,False,False
1ftrjbl,Azure Data Engineer – Chances of Getting Selected for Amazon Data Engineer I Role?,10,15,No-Condition1444,2024-10-01 15:56:05,https://www.reddit.com/r/dataengineering/comments/1ftrjbl/azure_data_engineer_chances_of_getting_selected/,False,False,False,False
1fto4yw,"Single digit ms latency, real time, time-series aggregations ",8,7,primosounds,2024-10-01 13:29:53,https://www.reddit.com/r/dataengineering/comments/1fto4yw/single_digit_ms_latency_real_time_timeseries/,False,False,False,False
1ftx7j7,How’s Apache Flink as compared to Spark and can Flink be deployed using Python only?,5,2,TootyJ,2024-10-01 19:47:19,https://www.reddit.com/r/dataengineering/comments/1ftx7j7/hows_apache_flink_as_compared_to_spark_and_can/,False,False,False,False
1fth37g,Schema for storing multiple time series with varying granularity and data type,6,11,Low_Bobcat_9635,2024-10-01 05:54:32,https://www.reddit.com/r/dataengineering/comments/1fth37g/schema_for_storing_multiple_time_series_with/,False,False,False,False
1ftn4xw,Apache Airflow - Hooks Use,7,8,Just_Guide7361,2024-10-01 12:43:05,https://www.reddit.com/r/dataengineering/comments/1ftn4xw/apache_airflow_hooks_use/,False,False,False,False
1ftlkd4,My Growth team is pretty outdated related to Data Processes – Advices on Tools and Workflow,4,2,victor_noda,2024-10-01 11:16:13,https://www.reddit.com/r/dataengineering/comments/1ftlkd4/my_growth_team_is_pretty_outdated_related_to_data/,False,False,False,False
1fthgi0,Flag corrupted / bad / wrong data points (time series) in PostgreSQL (TimescaleDB),3,0,Disastrous-Camp979,2024-10-01 06:19:38,https://www.reddit.com/r/dataengineering/comments/1fthgi0/flag_corrupted_bad_wrong_data_points_time_series/,False,False,False,False
1ftfv4m,Data mesh portal,4,0,data_igor,2024-10-01 04:36:56,https://www.reddit.com/r/dataengineering/comments/1ftfv4m/data_mesh_portal/,False,False,False,False
1ftpfjh,So help me understand multi-core processing!,3,6,Choice-Platypus218,2024-10-01 14:27:34,https://www.reddit.com/r/dataengineering/comments/1ftpfjh/so_help_me_understand_multicore_processing/,False,False,False,False
1ftl96y,Salesforce Data Engineering/archiving data for Startup,3,0,Ok_Young9122,2024-10-01 10:57:30,https://www.reddit.com/r/dataengineering/comments/1ftl96y/salesforce_data_engineeringarchiving_data_for/,False,False,False,False
1ftk0d0,The newsletter….,2,5,mrpbennett,2024-10-01 09:31:10,https://www.reddit.com/r/dataengineering/comments/1ftk0d0/the_newsletter/,False,False,False,False
1ftv6ha,Jobs Through Open Source,2,1,Glass-Flower3400,2024-10-01 18:25:02,https://www.reddit.com/r/dataengineering/comments/1ftv6ha/jobs_through_open_source/,False,False,False,False
1ftrmzu,Monthly General Discussion - Oct 2024,2,0,AutoModerator,2024-10-01 16:00:25,https://www.reddit.com/r/dataengineering/comments/1ftrmzu/monthly_general_discussion_oct_2024/,False,False,False,True
1ftosgg,Suggest data engineering projects ,2,2,TuneArchitect,2024-10-01 13:59:48,https://www.reddit.com/r/dataengineering/comments/1ftosgg/suggest_data_engineering_projects/,False,False,False,False
1ftcosf,Data Contracts in Action: Tools,2,0,Pitah7,2024-10-01 01:45:13,https://medium.com/data-engineer-things/data-contracts-in-action-tools-303bc7fbceb5?sk=4670389e4abe15f6066d78ad843cbf32,False,False,False,False
1fty5mw,DDIA - linearizability for dynamo-style databases,3,0,duncecapwinner,2024-10-01 20:25:54,https://www.reddit.com/r/dataengineering/comments/1fty5mw/ddia_linearizability_for_dynamostyle_databases/,False,False,False,False
1ftt4fx,D365 FO Reporting,1,1,12Eerc,2024-10-01 17:01:17,https://www.reddit.com/r/dataengineering/comments/1ftt4fx/d365_fo_reporting/,False,False,False,False
1ftrpzz,Transitioning from Excel...,1,3,Parzival_Aureus,2024-10-01 16:03:39,https://www.reddit.com/r/dataengineering/comments/1ftrpzz/transitioning_from_excel/,False,False,False,False
1ftqq6x,Modeling historic & global weather data ,1,0,Fast-Yak6437,2024-10-01 15:22:14,https://www.reddit.com/r/dataengineering/comments/1ftqq6x/modeling_historic_global_weather_data/,False,False,False,False
1ftq9w1,Need career advice on informatica ,1,6,i-dontCareS,2024-10-01 15:03:10,https://www.reddit.com/r/dataengineering/comments/1ftq9w1/need_career_advice_on_informatica/,False,False,False,False
1ftn3m1,GBQ to a Microsoft data warehouse solution,1,0,-thp-,2024-10-01 12:41:12,https://www.reddit.com/r/dataengineering/comments/1ftn3m1/gbq_to_a_microsoft_data_warehouse_solution/,False,False,False,False
1ftm4ev,A list of all data engineering conferences for 2025,1,0,Vegetable_Home,2024-10-01 11:49:02,https://www.reddit.com/r/dataengineering/comments/1ftm4ev/a_list_of_all_data_engineering_conferences_for/,False,False,False,False
1ftkok2,Path Forward,0,0,Secret-Coconut2524,2024-10-01 10:19:16,https://www.reddit.com/r/dataengineering/comments/1ftkok2/path_forward/,False,False,False,False
1ftjemu,I want little help and also want to review the trendytech big data,0,14,ChampionshipLimp3511,2024-10-01 08:45:58,https://www.reddit.com/r/dataengineering/comments/1ftjemu/i_want_little_help_and_also_want_to_review_the/,False,False,False,False
